[
  {
    "id": "be3e9af2-f6cf-4a8e-b074-ecdca2b20bad",
    "data": [
      {
        "text": "Rank",
        "userDefined": false
      }
    ],
    "isTemplate": false,
    "count": 0,
    "updated": 1516535320
  },
  {
    "id": "af6bf989-b537-4e5d-83a8-fd301f2df87b",
    "data": [
      {
        "text": "What rank am I?",
        "userDefined": false
      }
    ],
    "isTemplate": false,
    "count": 0,
    "updated": 1516535320
  },
  {
    "id": "10a3296e-1e32-44c3-8f01-b2566c065ab1",
    "data": [
      {
        "text": "Give me my rank",
        "userDefined": false
      }
    ],
    "isTemplate": false,
    "count": 0,
    "updated": 1516535320
  }
]