[
  {
    "id": "6fab23c2-9741-41a6-a192-0da66363bc7d",
    "data": [
      {
        "text": "What was my last match?",
        "userDefined": false
      }
    ],
    "isTemplate": false,
    "count": 0,
    "updated": 1516536853
  },
  {
    "id": "f8620eb0-417e-48f6-8e16-395a7c789f8f",
    "data": [
      {
        "text": "last match",
        "userDefined": false
      }
    ],
    "isTemplate": false,
    "count": 0,
    "updated": 1516536853
  },
  {
    "id": "cdfde969-a2d8-47ce-acc7-a2fbad6a5541",
    "data": [
      {
        "text": "match",
        "userDefined": false
      }
    ],
    "isTemplate": false,
    "count": 0,
    "updated": 1516536853
  }
]