[
  {
    "id": "433216be-88cc-4d70-9e7c-c9c4ffb8275a",
    "data": [
      {
        "text": "What\u0027s my current level",
        "userDefined": false
      }
    ],
    "isTemplate": false,
    "count": 0,
    "updated": 1516522953
  },
  {
    "id": "455e284d-f769-4404-8667-1b89957ba0e6",
    "data": [
      {
        "text": "What is my current level",
        "userDefined": false
      }
    ],
    "isTemplate": false,
    "count": 0,
    "updated": 1516522953
  },
  {
    "id": "aeeb7484-d6e2-45e3-8dc3-1089bacbdc4d",
    "data": [
      {
        "text": "What\u0027s my level",
        "userDefined": false
      }
    ],
    "isTemplate": false,
    "count": 0,
    "updated": 1516522953
  },
  {
    "id": "c0c4baa3-05a2-4bbb-bc0b-d0c2fccc388d",
    "data": [
      {
        "text": "level",
        "userDefined": false
      }
    ],
    "isTemplate": false,
    "count": 0,
    "updated": 1516522953
  }
]