[
  {
    "id": "a66fa2a7-792e-471b-a6dd-41a5e0631ae0",
    "data": [
      {
        "text": "Own team",
        "userDefined": false
      }
    ],
    "isTemplate": false,
    "count": 0,
    "updated": 1516464370
  },
  {
    "id": "fce4aebb-ccab-410e-bcca-5a4013aa51b6",
    "data": [
      {
        "text": "My team",
        "userDefined": false
      }
    ],
    "isTemplate": false,
    "count": 0,
    "updated": 1516464370
  },
  {
    "id": "03212861-32c9-4407-af68-d82b5958954f",
    "data": [
      {
        "text": "Show me my current team",
        "userDefined": false
      }
    ],
    "isTemplate": false,
    "count": 0,
    "updated": 1516464370
  },
  {
    "id": "5752a0e5-b7b2-4a18-a51b-0d4f7fbb1a56",
    "data": [
      {
        "text": "Show my team",
        "userDefined": false
      }
    ],
    "isTemplate": false,
    "count": 0,
    "updated": 1516464370
  },
  {
    "id": "d9bad776-c677-4ead-9050-edb8004f0aef",
    "data": [
      {
        "text": "Who is on my team?",
        "userDefined": false
      }
    ],
    "isTemplate": false,
    "count": 0,
    "updated": 1516464370
  },
  {
    "id": "b00e5819-c433-4829-b628-820c80735e59",
    "data": [
      {
        "text": "Who am I playing with?",
        "userDefined": false
      }
    ],
    "isTemplate": false,
    "count": 0,
    "updated": 1516464370
  }
]