[
  {
    "id": "b0fa59eb-1931-4a98-9b5d-42994772aca0",
    "data": [
      {
        "text": "View mastery",
        "userDefined": false
      }
    ],
    "isTemplate": false,
    "count": 0,
    "updated": 1516536897
  },
  {
    "id": "96d66b85-94b0-4e78-9eb8-78981108d364",
    "data": [
      {
        "text": "Get mastery",
        "userDefined": false
      }
    ],
    "isTemplate": false,
    "count": 0,
    "updated": 1516536897
  },
  {
    "id": "25134f76-89de-4554-9632-00739eb0a810",
    "data": [
      {
        "text": "What is my champion mastery",
        "userDefined": false
      }
    ],
    "isTemplate": false,
    "count": 0,
    "updated": 1516536897
  },
  {
    "id": "97a338c9-aeda-48d1-9e4f-536682c861d4",
    "data": [
      {
        "text": "What is my mastery",
        "userDefined": false
      }
    ],
    "isTemplate": false,
    "count": 0,
    "updated": 1516536897
  },
  {
    "id": "28c5e617-480b-4399-8c81-8556d2d1e375",
    "data": [
      {
        "text": "mastery",
        "userDefined": false
      }
    ],
    "isTemplate": false,
    "count": 0,
    "updated": 1516536897
  }
]