[
  {
    "id": "73266172-cd4d-42d2-9d5b-1a9453c04156",
    "data": [
      {
        "text": "account id",
        "userDefined": false
      }
    ],
    "isTemplate": false,
    "count": 0,
    "updated": 1516579122
  },
  {
    "id": "d7eebdf7-4e8a-4a8b-8309-f51d9334e807",
    "data": [
      {
        "text": "Give me my account id",
        "userDefined": false
      }
    ],
    "isTemplate": false,
    "count": 0,
    "updated": 1516579122
  },
  {
    "id": "6d88269d-5272-4f89-a5d9-181b000a1ed9",
    "data": [
      {
        "text": "What\u0027s my account id?",
        "userDefined": false
      }
    ],
    "isTemplate": false,
    "count": 1,
    "updated": 1516579122
  }
]