[
  {
    "id": "f456d976-80ad-41a7-96c4-d0b859fe01de",
    "data": [
      {
        "text": "enemy",
        "userDefined": false
      }
    ],
    "isTemplate": false,
    "count": 0
  },
  {
    "id": "26594de8-9822-42f5-963a-23cac4b5d0c1",
    "data": [
      {
        "text": "enemy team",
        "userDefined": false
      }
    ],
    "isTemplate": false,
    "count": 0,
    "updated": 1516528420
  },
  {
    "id": "2caef296-034c-4717-a673-b0a91bbf33f3",
    "data": [
      {
        "text": "playing against",
        "userDefined": false
      }
    ],
    "isTemplate": false,
    "count": 0,
    "updated": 1516528420
  },
  {
    "id": "b30f6c31-0a5b-4a4d-bb43-b50093a05bca",
    "data": [
      {
        "text": "Who am I playing against?",
        "userDefined": false
      }
    ],
    "isTemplate": false,
    "count": 0,
    "updated": 1516528420
  }
]