[
  {
    "id": "af7bac40-0c55-4646-b0d1-74cace063871",
    "data": [
      {
        "text": "id",
        "userDefined": false
      }
    ],
    "isTemplate": false,
    "count": 0
  },
  {
    "id": "4420f7de-4716-41d7-a9aa-14895dbed7f7",
    "data": [
      {
        "text": "summoner id",
        "userDefined": false
      }
    ],
    "isTemplate": false,
    "count": 0
  },
  {
    "id": "28b80b60-7dd4-4aad-ade6-6b55df5dde3f",
    "data": [
      {
        "text": "What\u0027s my summoner id?",
        "userDefined": false
      }
    ],
    "isTemplate": false,
    "count": 0
  },
  {
    "id": "63a44dfa-4356-46b3-bb9e-76e3369e4189",
    "data": [
      {
        "text": "What is my ID?",
        "userDefined": false
      }
    ],
    "isTemplate": false,
    "count": 0,
    "updated": 1516490538
  }
]