[
  {
    "id": "0f07e9ab-ac83-4056-9877-c96a016fd3dd",
    "data": [
      {
        "text": "Ranked stats",
        "userDefined": false
      }
    ],
    "isTemplate": false,
    "count": 0
  },
  {
    "id": "e76c6212-e103-486f-879b-b62499b35efc",
    "data": [
      {
        "text": "Stats",
        "userDefined": false
      }
    ],
    "isTemplate": false,
    "count": 0,
    "updated": 1516528288
  },
  {
    "id": "7d0be8f1-07f4-45c4-befb-48c41de9884c",
    "data": [
      {
        "text": "What are my ranked stats?",
        "userDefined": false
      }
    ],
    "isTemplate": false,
    "count": 0,
    "updated": 1516528288
  },
  {
    "id": "80b67d97-643d-4f8f-aa73-2707d7fadd9e",
    "data": [
      {
        "text": "What are my stats?",
        "userDefined": false
      }
    ],
    "isTemplate": false,
    "count": 0,
    "updated": 1516528288
  }
]